{"packingType":"random","lengthMatrix":100,"breadthMatrix":100,"depthMatrix":100,"generatedCenters":[[67.2067345834912,13.881628158051665,4.370193722368317],[73.41556973669718,66.97157830695267,4.370193722368317],[25.18411254606923,66.39655698887037,4.370193722368317],[94.13467943939028,18.37574675348788,4.370193722368317],[56.53486556440781,16.746044616989302,4.370193722368317],[78.36435727621196,32.60994101016188,4.370193722368317],[69.69300712760658,45.12268223465788,4.370193722368317],[42.53285799030196,78.514927455499,4.370193722368317],[42.22011703494324,62.608240296387045,4.370193722368317],[60.60986437126797,70.42580364736983,4.370193722368317],[24.81264891607499,50.058656761754825,4.370193722368317],[66.11193379558907,81.30275282308666,4.370193722368317],[60.35875433622479,30.334265090051147,4.370193722368317],[79.6438005147257,60.066451052115525,4.370193722368317],[44.69353615204019,7.607404226282581,4.370193722368317],[16.417975515764812,39.86362241104424,4.370193722368317],[13.784369731879629,20.57696915223109,4.370193722368317],[56.97166290155888,80.10945532755811,4.370193722368317],[28.321204700706293,83.35614944155527,4.370193722368317],[79.67335908342808,86.7726552441363,4.370193722368317],[92.79966632729271,27.27546004713434,4.370193722368317],[30.45139031446309,6.275834865381968,4.370193722368317],[33.896386075647506,39.82843315227368,4.370193722368317],[18.026091260934372,80.60064815671196,4.370193722368317],[54.36527984927897,6.858409351845305,4.370193722368317],[47.338606862178,30.76575863341206,4.370193722368317],[10.836078847031853,31.587171799266503,4.370193722368317],[47.76102366837922,41.83456581383828,4.370193722368317],[57.619954996234995,45.000081985825155,4.370193722368317],[44.75278541037296,87.89753629133624,4.370193722368317],[28.216921002154336,27.06583830124951,4.370193722368317],[93.64171282730437,64.18390678674682,4.370193722368317],[16.78509386646762,57.76785904388564,4.370193722368317],[90.08009032962008,82.75497466860577,4.370193722368317],[87.48046546407798,52.513421388313475,4.370193722368317],[80.17059420044576,73.52347777005083,4.370193722368317],[4.728067368934919,12.909460111256465,4.370193722368317],[77.08753188116425,14.279019356073633,4.370193722368317],[68.69510581940156,57.65711897263369,4.370193722368317],[33.44729406052963,93.26910234627918,4.370193722368317],[51.5319267221443,66.95263309085232,4.370193722368317],[39.4779815237467,49.24150802670885,4.370193722368317],[19.66668976243495,7.367098915640606,4.370193722368317],[5.236743527377641,75.84861028764578,4.370193722368317],[11.206993827004954,94.34457895214426,4.370193722368317],[71.0737334389356,89.39187729443371,4.370193722368317],[86.34943782027237,94.71991498289105,4.370193722368317],[94.19214093726191,40.54733875926566,4.370193722368317],[8.543566498644294,48.60650908582526,4.370193722368317],[35.774497720808,17.51559483117135,4.370193722368317]],"volumeFraction":0.3,"numFibres":50,"fibreProperty":"Steel","matrixProperty":"Concrete","elementType":"hex","meshSeed":"","loading":"loading","fileName":"sample.json","components":[0,0,0],"directions":[0,0,0]}